{
  "version": 1,
  "author": "Mahamadou Dansoko",
  "editor": "wokwi",
  "parts": [
    { "type": "wokwi-breadboard-mini", "id": "bb1", "top": -155, "left": 247.2, "attrs": {} },
    { "type": "wokwi-arduino-uno", "id": "uno", "top": 0.6, "left": 172.2, "attrs": {} },
    { "type": "wokwi-led", "id": "led1", "top": -186, "left": 301.4, "attrs": { "color": "red" } },
    {
      "type": "wokwi-led",
      "id": "led2",
      "top": -186,
      "left": 282.2,
      "attrs": { "color": "green" }
    },
    {
      "type": "wokwi-led",
      "id": "led3",
      "top": -186,
      "left": 263,
      "attrs": { "color": "yellow" }
    },
    {
      "type": "wokwi-led",
      "id": "led4",
      "top": -186,
      "left": 243.8,
      "attrs": { "color": "blue" }
    },
    {
      "type": "wokwi-resistor",
      "id": "r1",
      "top": -100.8,
      "left": 258.65,
      "rotate": 90,
      "attrs": { "value": "1000" }
    },
    {
      "type": "wokwi-resistor",
      "id": "r2",
      "top": -100.8,
      "left": 297.05,
      "rotate": 90,
      "attrs": { "value": "1000" }
    },
    {
      "type": "wokwi-resistor",
      "id": "r3",
      "top": -100.8,
      "left": 277.85,
      "rotate": 90,
      "attrs": { "value": "1000" }
    },
    {
      "type": "wokwi-resistor",
      "id": "r4",
      "top": -100.8,
      "left": 239.45,
      "rotate": 90,
      "attrs": { "value": "1000" }
    },
    {
      "type": "wokwi-buzzer",
      "id": "bz1",
      "top": -218.4,
      "left": 376.2,
      "attrs": { "volume": "0.1" }
    }
  ],
  "connections": [
    [ "bz1:2", "uno:7", "green", [ "v105.6", "h-48.4" ] ],
    [ "r2:2", "uno:8", "green", [ "h0" ] ],
    [ "r4:2", "uno:11", "green", [ "h9.6", "v56.4", "h38.4" ] ],
    [ "r1:2", "uno:10", "green", [ "h9.6", "v46.8", "h28.8" ] ],
    [ "r3:2", "uno:9", "green", [ "h9.6", "v37.2", "h19.2" ] ],
    [ "uno:GND.1", "bb1:1t.e", "black", [ "v-9.6", "h-47.7", "v-105.6" ] ],
    [ "led4:A", "bb1:2t.a", "", [ "$bb" ] ],
    [ "led4:C", "bb1:1t.a", "", [ "$bb" ] ],
    [ "led3:A", "bb1:4t.a", "", [ "$bb" ] ],
    [ "led3:C", "bb1:3t.a", "", [ "$bb" ] ],
    [ "led1:A", "bb1:8t.a", "", [ "$bb" ] ],
    [ "led1:C", "bb1:7t.a", "", [ "$bb" ] ],
    [ "r4:1", "bb1:2t.c", "", [ "$bb" ] ],
    [ "r4:2", "bb1:2b.g", "", [ "$bb" ] ],
    [ "r1:1", "bb1:4t.c", "", [ "$bb" ] ],
    [ "r1:2", "bb1:4b.g", "", [ "$bb" ] ],
    [ "r3:1", "bb1:6t.c", "", [ "$bb" ] ],
    [ "r3:2", "bb1:6b.g", "", [ "$bb" ] ],
    [ "r2:1", "bb1:8t.c", "", [ "$bb" ] ],
    [ "r2:2", "bb1:8b.g", "", [ "$bb" ] ],
    [ "led2:A", "bb1:6t.a", "", [ "$bb" ] ],
    [ "led2:C", "bb1:5t.a", "", [ "$bb" ] ],
    [ "bb1:1t.b", "bb1:7t.b", "black", [ "v0" ] ],
    [ "bb1:7t.b", "bb1:14t.b", "black", [ "v0" ] ],
    [ "bb1:14t.b", "bb1:14t.d", "black", [ "v0" ] ],
    [ "bb1:16t.d", "bb1:14t.d", "black", [ "v0" ] ],
    [ "bz1:1", "bb1:16t.b", "", [ "$bb" ] ],
    [ "bz1:2", "bb1:17t.b", "", [ "$bb" ] ],
    [ "bz1:1", "bb1:16t.d", "black", [ "v0" ] ]
  ],
  "dependencies": {}
}